{
    "roi_statistics": [
        {
            "name": "rectangle1",
            "min": 143.0225830078125,
            "max": 145.88034057617188,
            "range": 1.454071044921875,
            "min_point": {
                "x": 1497,
                "y": 271
            },
            "max_point": {
                "x": 1495,
                "y": 284
            }
        }
    ],
    "detected_objects": []
}