{
    "roi_statistics": [
        {
            "name": "rectangle1",
            "min": 120.30935668945312,
            "max": 120.92841339111328,
            "range": 0.27353668212890625,
            "min_point": {
                "x": 1377,
                "y": 138
            },
            "max_point": {
                "x": 1432,
                "y": 314
            }
        },
        {
            "name": "rectangle2",
            "min": 120.12459564208984,
            "max": 120.92601776123047,
            "range": 0.37911224365234375,
            "min_point": {
                "x": 1886,
                "y": 165
            },
            "max_point": {
                "x": 1559,
                "y": 220
            }
        }
    ],
    "detected_objects": [
        {
            "width_mm": 159.68,
            "height_mm": 204.97,
            "depth": 0.96
        }
    ]
}